"","V1"
"1","Error in FUN(X[[i]], ...) : could not find function ""fstModelSelect""
"
"2","Error in FUN(X[[i]], ...) : could not find function ""fstModelSelect""
"
"3","Error in FUN(X[[i]], ...) : could not find function ""fstModelSelect""
"
"4","Error in FUN(X[[i]], ...) : could not find function ""fstModelSelect""
"
"5","Error in FUN(X[[i]], ...) : could not find function ""fstModelSelect""
"
"6","Error in FUN(X[[i]], ...) : could not find function ""fstModelSelect""
"
"7","Error in FUN(X[[i]], ...) : could not find function ""fstModelSelect""
"
"8","Error in FUN(X[[i]], ...) : could not find function ""fstModelSelect""
"
"9","Error in FUN(X[[i]], ...) : could not find function ""fstModelSelect""
"
"10","Error in FUN(X[[i]], ...) : could not find function ""fstModelSelect""
"
"11","Error in FUN(X[[i]], ...) : could not find function ""fstModelSelect""
"
"12","Error in FUN(X[[i]], ...) : could not find function ""fstModelSelect""
"
"13","Error in FUN(X[[i]], ...) : could not find function ""fstModelSelect""
"
"14","Error in FUN(X[[i]], ...) : could not find function ""fstModelSelect""
"
"15","Error in FUN(X[[i]], ...) : could not find function ""fstModelSelect""
"
"16","Error in FUN(X[[i]], ...) : could not find function ""fstModelSelect""
"
"17","Error in FUN(X[[i]], ...) : could not find function ""fstModelSelect""
"
"18","Error in FUN(X[[i]], ...) : could not find function ""fstModelSelect""
"
"19","Error in FUN(X[[i]], ...) : could not find function ""fstModelSelect""
"
"20","Error in FUN(X[[i]], ...) : could not find function ""fstModelSelect""
"
"21","Error in FUN(X[[i]], ...) : could not find function ""fstModelSelect""
"
"22","Error in FUN(X[[i]], ...) : could not find function ""fstModelSelect""
"
"23","Error in FUN(X[[i]], ...) : could not find function ""fstModelSelect""
"
"24","Error in FUN(X[[i]], ...) : could not find function ""fstModelSelect""
"
"25","Error in FUN(X[[i]], ...) : could not find function ""fstModelSelect""
"
"26","Error in FUN(X[[i]], ...) : could not find function ""fstModelSelect""
"
"27","Error in FUN(X[[i]], ...) : could not find function ""fstModelSelect""
"
"28","Error in FUN(X[[i]], ...) : could not find function ""fstModelSelect""
"
"29","Error in FUN(X[[i]], ...) : could not find function ""fstModelSelect""
"
"30","Error in FUN(X[[i]], ...) : could not find function ""fstModelSelect""
"
"31","Error in FUN(X[[i]], ...) : could not find function ""fstModelSelect""
"
"32","Error in FUN(X[[i]], ...) : could not find function ""fstModelSelect""
"
"33","Error in FUN(X[[i]], ...) : could not find function ""fstModelSelect""
"
"34","Error in FUN(X[[i]], ...) : could not find function ""fstModelSelect""
"
"35","Error in FUN(X[[i]], ...) : could not find function ""fstModelSelect""
"
"36","Error in FUN(X[[i]], ...) : could not find function ""fstModelSelect""
"
"37","Error in FUN(X[[i]], ...) : could not find function ""fstModelSelect""
"
"38","Error in FUN(X[[i]], ...) : could not find function ""fstModelSelect""
"
"39","Error in FUN(X[[i]], ...) : could not find function ""fstModelSelect""
"
"40","Error in FUN(X[[i]], ...) : could not find function ""fstModelSelect""
"
"41","Error in FUN(X[[i]], ...) : could not find function ""fstModelSelect""
"
"42","Error in FUN(X[[i]], ...) : could not find function ""fstModelSelect""
"
"43","Error in FUN(X[[i]], ...) : could not find function ""fstModelSelect""
"
"44","Error in FUN(X[[i]], ...) : could not find function ""fstModelSelect""
"
"45","Error in FUN(X[[i]], ...) : could not find function ""fstModelSelect""
"
"46","Error in FUN(X[[i]], ...) : could not find function ""fstModelSelect""
"
"47","Error in FUN(X[[i]], ...) : could not find function ""fstModelSelect""
"
"48","Error in FUN(X[[i]], ...) : could not find function ""fstModelSelect""
"
"49","Error in FUN(X[[i]], ...) : could not find function ""fstModelSelect""
"
"50","Error in FUN(X[[i]], ...) : could not find function ""fstModelSelect""
"
